<?xml version="1.0" encoding="UTF-8"?>
<beans xmlns="http://www.springframework.org/schema/beans"
	xmlns:xsi="http://www.w3.org/2001/XMLSchema-instance"
	xsi:schemaLocation="http://www.springframework.org/schema/beans
        http://www.springframework.org/schema/beans/spring-beans.xsd">

	<bean id="address" class="com.citi.pojo.Address" scope="prototype" />

	<!-- Constructor Injection -->
	<!-- <bean id="employee" class="com.citi.pojo.Employee"> -->
	<!-- <constructor-arg name="employeeId" value="101" /> -->
	<!-- <constructor-arg name="name" value="Vivek Gohil" /> -->
	<!-- <constructor-arg name="salary" value="1000" /> -->
	<!-- <constructor-arg name="permanentAddress" -->
	<!-- ref="permanentAddress" /> -->
	<!-- </bean> -->

	<!-- Setter Injection -->
	<bean id="employee" class="com.citi.pojo.Employee"
		autowire="byType" scope="prototype">
		<property name="employeeId" value="101" />
		<property name="name" value="Vivek Gohil" />
		<property name="salary" value="1000" />
		<!-- <property name="permanentAddress" ref="permanentAddress" /> -->
	</bean>

</beans>