<?xml version="1.0" encoding="UTF-8"?>
<beans xmlns="http://www.springframework.org/schema/beans"
	xmlns:xsi="http://www.w3.org/2001/XMLSchema-instance"
	xsi:schemaLocation="http://www.springframework.org/schema/beans
        http://www.springframework.org/schema/beans/spring-beans.xsd">

	<bean id="email" class="com.citi.service.EmailService" />
	<bean id="sms" class="com.citi.service.SMSService" />
	<bean id="whatsapp" class="com.citi.service.WhatsappService" />

	<bean id="emailApplication"
		class="com.citi.application.MyApplication">
		<constructor-arg name="messageService" ref="email" />
	</bean>

	<bean id="smsApplication"
		class="com.citi.application.MyApplication">
		<constructor-arg name="messageService" ref="sms" />
	</bean>

	<bean id="whatsappApplication"
		class="com.citi.application.MyApplication">
		<constructor-arg name="messageService" ref="whatsapp" />
	</bean>
</beans>